NAME,AGE,CITY,CONTACT
JENNIFER T,18,Chennai,9856859585
CHOUDRI PRAKASH.S,17,Coimbatore,9856875369
PRIYANKA.S,22,Madurai,9856891153
LINGESH KUMAR.M.K,21,Tiruchirappalli,9856906937
SANJAYKUMAR S,19,Tiruppur,9856922721
ASHIK ELLAGHI.Y.H,17,Salem,9856938505
KOWSALYA.K,22,Erode,9856954289
KISHORKUMAR Y,21,Tirunelveli,9856970073
MAHALAKSHMI.M,22,Vellore,9856985857
SAKTHI DEVI T K,17,Thoothukkudi,9857001641
KRISHNAVENI P,18,Dindigul,9857017425
RIFAKATH MIAN K,19,Thanjavur,9857033209
SWATHY.S,18,Ranipet,9857048993
PRABAVATHI S,20,Sivakasi,9857064777
SHESHAGIRI.E,19,Karur,9857080561
REVANTH R,17,Udhagamandalam,9857096345
SUSHMITHA S,21,Hosur,9857112129
CHRISTINA CATHERINE J.P,19,Nagercoil,9857127913
THENDRAL E,19,Kancheepuram,9857143697
GOWTHAM P,22,Kumarapalayam,9857159481
JEEVANANDHINI T,17,Karaikkudi,9857175265
KANNAN S,20,Neyveli,9857191049
SASIKALA A,19,Cuddalore,9857206833
ROBIN RASHAL Y,19,Kumbakonam,9857222617
PRAKASH.N,18,Tiruvannamalai,9857238401
PRIYADHARSINI.H,18,Pollachi,9857254185
KARTHICK.R,17,Gudiyatham,9857269969
DHARSHINI E,17,Pudukkottai,9857285753
VISHNU PRIYA V,18,Vaniyambadi,9857301537
PRAVEEN KUMAR.M,21,Ambur,9857317321
SANTHOSH KUMAR M,17,Nagapattinam,9857333105
AKILASWARAN A R,17,Chennai,9857348889
ARRIVAZHAGAN.K,21,Coimbatore,9857364673
VISHNUVARDHAN S K,17,Madurai,9857380457
HARIHARAN R,18,Tiruchirappalli,9857396241
DASTHAGEER BEIG H,20,Tiruppur,9857412025
PARAMESHWARI.S,19,Salem,9857427809
JULIATE ROSY J,22,Erode,9857443593
NANDHA KUMAR R,22,Tirunelveli,9857459377
AJITHKUMAR S,22,Vellore,9857475161
MALINI.M,21,Thoothukkudi,9857490945
NANDHINI.S,18,Dindigul,9857506729
NARAYANA RANGA.K,17,Thanjavur,9857522513
DEEPAK KUMAR K,21,Ranipet,9857538297
MAYIL ANANTHAN M,19,Sivakasi,9857554081
SINDHUJA.J,20,Karur,9857569865
NAGARAJ PANDIYAN.G,22,Udhagamandalam,9857585649
PARTHIBAN R,21,Hosur,9857601433
HARINI G,22,Nagercoil,9857617217
AASHIQ ALI S,17,Tirunelveli,9931249577
